episode,reward
1,-3372.0
2,-3515.0
3,-3305.0
4,-3183.0
5,-3079.0
6,-3391.0
7,-3354.0
8,-3583.0
9,-3443.0
10,-3281.0
11,-3114.0
12,-3280.0
13,-3160.0
14,-3303.0
15,-3367.0
16,-3445.0
17,-3151.0
18,-3567.0
19,-3290.0
20,-3434.0
21,-3269.0
22,-3302.0
23,-3499.0
24,-3531.0
25,-3299.0
26,-3296.0
27,-3490.0
28,-3412.0
29,-3331.0
30,-3338.0
31,-3228.0
32,-3450.0
33,-3043.0
34,-3207.0
35,-3177.0
36,-3225.0
37,-3254.0
38,-3455.0
39,-3493.0
40,-3304.0
41,-3334.0
42,-3242.0
43,-3390.0
44,-3484.0
45,-3374.0
46,-3278.0
47,-3358.0
48,-3184.0
49,-3061.0
50,-3115.0
51,-3077.0
52,-3160.0
53,-3410.0
54,-3249.0
55,-3217.0
56,-3011.0
57,-3258.0
58,-3290.0
59,-3444.0
60,-3113.0
61,-3099.0
62,-3248.0
63,-3017.0
64,-3373.0
65,-2890.0
66,-3215.0
67,-3121.0
68,-3193.0
69,-3345.0
70,-3259.0
71,-3096.0
72,-3143.0
73,-2944.0
74,-3252.0
75,-3103.0
76,-3207.0
77,-3060.0
78,-3234.0
79,-3144.0
80,-3045.0
81,-3188.0
82,-3044.0
83,-3000.0
84,-2947.0
85,-3047.0
86,-3105.0
87,-3362.0
88,-3003.0
89,-2969.0
90,-3035.0
91,-3057.0
92,-2869.0
93,-2945.0
94,-3084.0
95,-3038.0
96,-3013.0
97,-2954.0
98,-2845.0
99,-2850.0
100,-2950.0
101,-3020.0
102,-3109.0
103,-2989.0
104,-2918.0
105,-2995.0
106,-3150.0
107,-2919.0
108,-2950.0
109,-3254.0
110,-2993.0
111,-3035.0
112,-2792.0
113,-2992.0
114,-3138.0
115,-2719.0
116,-2917.0
117,-3221.0
118,-3169.0
119,-2973.0
120,-3086.0
121,-2936.0
122,-3009.0
123,-2838.0
124,-2783.0
125,-3128.0
126,-2793.0
127,-2831.0
128,-2662.0
129,-3120.0
130,-2798.0
131,-3007.0
132,-2980.0
133,-2798.0
134,-2844.0
135,-3157.0
136,-2740.0
137,-2856.0
138,-2685.0
139,-2737.0
140,-2889.0
141,-2796.0
142,-2939.0
143,-2682.0
144,-2741.0
145,-2507.0
146,-2710.0
147,-2756.0
148,-2546.0
149,-2730.0
150,-2746.0
151,-2691.0
152,-2846.0
153,-2586.0
154,-2580.0
155,-2769.0
156,-2708.0
157,-2786.0
158,-2693.0
159,-2716.0
160,-2714.0
161,-2521.0
162,-2627.0
163,-2554.0
164,-2524.0
165,-2622.0
166,-2633.0
167,-2602.0
168,-2773.0
169,-2451.0
170,-2728.0
171,-2654.0
172,-2656.0
173,-2613.0
174,-2492.0
175,-2541.0
176,-2410.0
177,-2586.0
178,-2629.0
179,-2462.0
180,-2581.0
181,-2484.0
182,-2410.0
183,-2547.0
184,-2488.0
185,-2417.0
186,-2349.0
187,-2474.0
188,-2456.0
189,-2415.0
190,-2504.0
191,-2596.0
192,-2281.0
193,-2401.0
194,-2411.0
195,-2560.0
196,-2449.0
197,-2444.0
198,-2281.0
199,-2377.0
200,-2382.0
201,-2479.0
202,-2424.0
203,-2412.0
204,-2355.0
205,-2406.0
206,-2394.0
207,-2616.0
208,-2257.0
209,-2287.0
210,-2339.0
211,-2316.0
212,-2403.0
213,-2284.0
214,-2293.0
215,-2323.0
216,-2427.0
217,-2380.0
218,-2454.0
219,-2399.0
220,-2501.0
221,-2327.0
222,-2390.0
223,-2280.0
224,-2352.0
225,-2357.0
226,-2322.0
227,-2398.0
228,-2568.0
229,-2426.0
230,-2539.0
231,-2359.0
232,-2250.0
233,-2318.0
234,-2186.0
235,-2413.0
236,-2473.0
237,-2327.0
238,-2339.0
239,-2515.0
240,-2261.0
241,-2308.0
242,-2502.0
243,-2258.0
244,-2466.0
245,-2345.0
246,-2257.0
247,-2282.0
248,-2511.0
249,-2397.0
250,-2210.0
251,-2277.0
252,-2415.0
253,-2451.0
254,-2266.0
255,-2300.0
256,-2366.0
257,-2320.0
258,-2228.0
259,-2323.0
260,-2379.0
261,-2429.0
262,-2206.0
263,-2302.0
264,-2271.0
265,-2299.0
266,-2154.0
267,-2415.0
268,-2364.0
269,-2142.0
270,-2225.0
271,-2362.0
272,-2142.0
273,-2188.0
274,-2113.0
275,-2163.0
276,-2181.0
277,-2211.0
278,-2243.0
279,-2104.0
280,-2185.0
281,-2092.0
282,-2159.0
283,-2080.0
284,-2106.0
285,-2269.0
286,-2248.0
287,-2102.0
288,-2129.0
289,-2068.0
290,-2104.0
291,-2108.0
292,-1925.0
293,-2159.0
294,-1966.0
295,-2087.0
296,-2042.0
297,-2078.0
298,-1980.0
299,-2152.0
300,-2180.0
301,-2035.0
302,-1957.0
303,-2219.0
304,-2029.0
305,-1971.0
306,-2156.0
307,-2158.0
308,-2101.0
309,-1969.0
310,-2059.0
311,-2068.0
312,-2168.0
313,-2028.0
314,-2014.0
315,-2078.0
316,-2090.0
317,-2077.0
318,-2069.0
319,-1942.0
320,-1973.0
321,-1967.0
322,-1999.0
323,-1873.0
324,-2069.0
325,-2058.0
326,-1993.0
327,-2098.0
328,-2123.0
329,-2099.0
330,-1947.0
331,-1990.0
332,-2028.0
333,-1978.0
334,-2067.0
335,-2100.0
336,-1958.0
337,-2121.0
338,-1972.0
339,-2060.0
340,-1900.0
341,-1863.0
342,-2040.0
343,-1913.0
344,-2030.0
345,-2012.0
346,-2030.0
347,-1982.0
348,-2070.0
349,-2150.0
350,-1904.0
351,-1941.0
352,-1938.0
353,-2029.0
354,-1946.0
355,-2120.0
356,-1927.0
357,-1876.0
358,-1970.0
359,-1790.0
360,-2130.0
361,-2147.0
362,-1953.0
363,-1994.0
364,-1897.0
365,-1995.0
366,-1976.0
367,-2125.0
368,-1761.0
369,-2011.0
370,-1907.0
371,-1915.0
372,-2035.0
373,-1932.0
374,-1972.0
375,-1997.0
376,-1884.0
377,-1905.0
378,-1924.0
379,-1778.0
380,-1941.0
381,-1907.0
382,-1975.0
383,-2056.0
384,-1857.0
385,-1884.0
386,-1917.0
387,-1907.0
388,-1923.0
389,-1991.0
390,-1930.0
391,-2078.0
392,-1814.0
393,-1844.0
394,-1920.0
395,-1811.0
396,-1776.0
397,-2031.0
398,-1904.0
399,-1853.0
400,-1825.0
401,-1870.0
402,-2250.0
403,-1995.0
404,-1841.0
405,-1933.0
406,-1855.0
407,-1874.0
408,-1894.0
409,-1835.0
410,-1911.0
411,-1992.0
412,-1882.0
413,-2325.0
414,-1942.0
415,-1922.0
416,-1940.0
417,-1821.0
418,-1842.0
419,-1911.0
420,-1898.0
421,-3713.0
422,-1909.0
423,-1829.0
424,-2577.0
425,-1875.0
426,-1855.0
427,-1827.0
428,-1844.0
429,-1887.0
430,-1926.0
431,-1849.0
432,-1747.0
433,-1846.0
434,-1883.0
435,-1915.0
436,-1820.0
437,-1901.0
438,-1796.0
439,-1863.0
440,-2038.0
441,-1865.0
442,-1919.0
443,-1675.0
444,-1761.0
445,-1796.0
446,-1950.0
447,-2972.0
448,-1888.0
449,-1845.0
450,-1956.0
451,-1813.0
452,-1809.0
453,-1901.0
454,-1720.0
455,-1805.0
456,-1689.0
457,-1966.0
458,-1861.0
459,-1845.0
460,-1834.0
461,-1764.0
462,-1904.0
463,-1698.0
464,-1852.0
465,-2049.0
466,-1829.0
467,-1780.0
468,-1764.0
469,-1677.0
470,-1912.0
471,-1755.0
472,-1769.0
473,-1926.0
474,-1718.0
475,-1812.0
476,-1764.0
477,-1943.0
478,-1934.0
479,-1766.0
480,-1892.0
481,-1915.0
482,-1782.0
483,-1870.0
484,-1780.0
485,-1934.0
486,-1733.0
487,-2025.0
488,-1834.0
489,-1834.0
490,-1837.0
491,-1846.0
492,-1852.0
493,-2119.0
494,-1713.0
495,-1755.0
496,-1889.0
497,-1865.0
498,-1781.0
499,-1666.0
500,-1631.0
501,-1767.0
502,-1904.0
503,-1767.0
504,-1730.0
505,-1680.0
506,-1778.0
507,-1770.0
508,-1678.0
509,-1736.0
510,-1836.0
511,-1902.0
512,-1825.0
513,-1974.0
514,-1658.0
515,-1997.0
516,-1699.0
517,-1665.0
518,-3456.0
519,-3104.0
520,-1647.0
521,-1907.0
522,-1726.0
523,-1725.0
524,-1680.0
525,-1660.0
526,-1873.0
527,-1930.0
528,-2759.0
529,-3072.0
530,-2312.0
531,-1751.0
532,-1941.0
533,-1796.0
534,-1827.0
535,-1915.0
536,-1707.0
537,-2149.0
538,-1897.0
539,-1657.0
540,-1665.0
541,-1663.0
542,-1869.0
543,-1936.0
544,-1570.0
545,-1734.0
546,-1724.0
547,-1787.0
548,-1699.0
549,-1962.0
550,-1637.0
551,-1753.0
552,-1678.0
553,-1795.0
554,-1718.0
555,-1727.0
556,-1711.0
557,-1854.0
558,-1774.0
559,-1735.0
560,-1689.0
561,-1843.0
562,-1823.0
563,-1639.0
564,-1792.0
565,-1945.0
566,-1610.0
567,-1779.0
568,-1640.0
569,-1746.0
570,-1638.0
571,-1667.0
572,-1892.0
573,-1674.0
574,-1839.0
575,-1635.0
576,-1707.0
577,-1687.0
578,-1742.0
579,-1588.0
580,-1789.0
581,-1698.0
582,-1820.0
583,-1746.0
584,-1669.0
585,-2009.0
586,-1683.0
587,-1823.0
588,-1656.0
589,-1695.0
590,-1696.0
591,-1806.0
592,-1941.0
593,-1768.0
594,-1715.0
595,-1655.0
596,-1747.0
597,-1648.0
598,-1762.0
599,-1791.0
600,-1893.0
601,-1771.0
602,-1799.0
603,-1801.0
604,-1791.0
605,-1718.0
606,-1671.0
607,-1833.0
608,-1738.0
609,-1797.0
610,-1617.0
611,-1705.0
612,-1658.0
613,-1768.0
614,-1639.0
615,-1668.0
616,-1786.0
617,-1728.0
618,-1699.0
619,-1700.0
620,-1685.0
621,-1721.0
622,-1632.0
623,-1702.0
624,-1748.0
625,-1731.0
626,-1711.0
627,-1678.0
628,-1624.0
629,-1898.0
630,-1532.0
631,-1751.0
632,-1504.0
633,-1602.0
634,-1763.0
635,-1514.0
636,-1738.0
637,-2048.0
638,-1637.0
639,-1609.0
640,-1719.0
641,-1709.0
642,-1513.0
643,-1634.0
644,-1551.0
645,-1659.0
646,-1653.0
647,-1692.0
648,-1606.0
649,-1592.0
650,-1595.0
651,-1620.0
652,-1726.0
653,-1508.0
654,-1594.0
655,-1750.0
656,-1639.0
657,-1719.0
658,-1671.0
659,-1853.0
660,-1755.0
661,-1876.0
662,-1502.0
663,-1676.0
664,-1633.0
665,-1662.0
666,-1653.0
667,-1640.0
668,-1633.0
669,-1623.0
670,-1618.0
671,-1688.0
672,-1673.0
673,-1792.0
674,-1700.0
675,-1745.0
676,-1939.0
677,-1663.0
678,-1530.0
679,-1866.0
680,-1570.0
681,-1587.0
682,-1588.0
683,-1679.0
684,-1645.0
685,-1670.0
686,-1674.0
687,-1636.0
688,-1737.0
689,-1697.0
690,-1621.0
691,-1575.0
692,-1641.0
693,-1622.0
694,-1534.0
695,-1523.0
696,-1644.0
697,-1593.0
698,-1543.0
699,-1639.0
700,-1672.0
701,-1663.0
702,-1665.0
703,-1741.0
704,-1680.0
705,-1607.0
706,-1614.0
707,-1664.0
708,-1595.0
709,-1656.0
710,-1605.0
711,-1640.0
712,-1685.0
713,-1560.0
714,-1799.0
715,-1536.0
716,-1601.0
717,-1701.0
718,-1514.0
719,-1673.0
720,-1588.0
721,-1858.0
722,-1708.0
723,-1747.0
724,-1498.0
725,-1700.0
726,-1567.0
727,-1546.0
728,-1636.0
729,-1765.0
730,-1672.0
731,-1591.0
732,-1637.0
733,-1527.0
734,-1608.0
735,-1579.0
736,-1626.0
737,-1652.0
738,-1699.0
739,-1652.0
740,-1555.0
741,-1601.0
742,-1640.0
743,-1691.0
744,-1605.0
745,-1776.0
746,-1566.0
747,-1641.0
748,-1640.0
749,-1541.0
750,-1645.0
751,-1586.0
752,-1654.0
753,-1604.0
754,-1616.0
755,-1523.0
756,-1592.0
757,-1655.0
758,-1603.0
759,-1509.0
760,-1499.0
761,-1546.0
762,-1526.0
763,-1597.0
764,-1657.0
765,-1469.0
766,-1652.0
767,-1622.0
768,-1562.0
769,-1602.0
770,-1592.0
771,-1690.0
772,-1584.0
773,-1599.0
774,-1529.0
775,-1611.0
776,-1649.0
777,-1601.0
778,-1674.0
779,-1593.0
780,-1535.0
781,-1517.0
782,-1586.0
783,-1516.0
784,-1748.0
785,-1574.0
786,-1642.0
787,-1541.0
788,-1576.0
789,-1567.0
790,-1595.0
791,-1542.0
792,-1584.0
793,-1507.0
794,-1585.0
795,-1552.0
796,-1593.0
797,-1617.0
798,-1666.0
799,-1585.0
800,-1366.0
801,-1516.0
802,-1592.0
803,-1585.0
804,-1759.0
805,-1605.0
806,-1533.0
807,-1508.0
808,-1523.0
809,-1572.0
810,-1546.0
811,-1586.0
812,-1537.0
813,-1517.0
814,-1693.0
815,-1525.0
816,-1518.0
817,-1629.0
818,-1472.0
819,-1670.0
820,-1549.0
821,-1518.0
822,-1484.0
823,-1546.0
824,-1582.0
825,-1581.0
826,-1556.0
827,-1590.0
828,-1523.0
829,-1544.0
830,-1484.0
831,-1507.0
832,-1535.0
833,-1456.0
834,-1615.0
835,-1374.0
836,-1421.0
837,-1623.0
838,-1501.0
839,-1469.0
840,-1443.0
841,-1564.0
842,-1488.0
843,-1562.0
844,-1495.0
845,-1582.0
846,-1528.0
847,-1466.0
848,-1458.0
849,-1583.0
850,-1451.0
851,-1509.0
852,-1534.0
853,-1527.0
854,-1544.0
855,-1624.0
856,-1524.0
857,-1593.0
858,-1426.0
859,-1504.0
860,-1506.0
861,-1497.0
862,-1590.0
863,-1435.0
864,-1453.0
865,-1581.0
866,-1487.0
867,-1554.0
868,-1429.0
869,-1433.0
870,-1476.0
871,-1490.0
872,-1435.0
873,-1471.0
874,-1518.0
875,-1554.0
876,-1447.0
877,-1468.0
878,-1488.0
879,-1447.0
880,-1462.0
881,-1501.0
882,-1466.0
883,-1526.0
884,-1590.0
885,-1524.0
886,-1444.0
887,-1389.0
888,-1422.0
889,-1600.0
890,-1433.0
891,-1484.0
892,-1512.0
893,-1652.0
894,-1646.0
895,-1531.0
896,-1390.0
897,-1522.0
898,-1416.0
899,-1430.0
900,-1500.0
901,-1600.0
902,-1536.0
903,-1533.0
904,-1588.0
905,-1442.0
906,-1559.0
907,-1470.0
908,-1487.0
909,-1554.0
910,-1535.0
911,-1497.0
912,-1425.0
913,-1543.0
914,-1513.0
915,-1580.0
916,-1465.0
917,-1522.0
918,-1517.0
919,-1472.0
920,-1543.0
921,-1515.0
922,-1430.0
923,-1344.0
924,-1470.0
925,-1478.0
926,-1392.0
927,-1452.0
928,-1450.0
929,-1423.0
930,-1545.0
931,-1445.0
932,-1451.0
933,-1442.0
934,-1530.0
935,-1460.0
936,-1567.0
937,-1433.0
938,-1552.0
939,-1481.0
940,-1482.0
941,-1461.0
942,-1506.0
943,-1551.0
944,-1505.0
945,-1588.0
946,-1553.0
947,-1453.0
948,-1481.0
949,-1451.0
950,-1523.0
951,-1418.0
952,-1523.0
953,-1443.0
954,-1378.0
955,-1468.0
956,-1500.0
957,-1448.0
958,-1482.0
959,-1584.0
960,-1349.0
961,-1413.0
962,-1336.0
963,-1571.0
964,-1502.0
965,-1459.0
966,-1362.0
967,-1562.0
968,-1603.0
969,-1477.0
970,-1457.0
971,-1469.0
972,-1420.0
973,-1460.0
974,-1547.0
975,-1454.0
976,-1516.0
977,-1438.0
978,-1555.0
979,-1358.0
980,-1526.0
981,-1463.0
982,-1462.0
983,-1534.0
984,-1475.0
985,-1408.0
986,-1516.0
987,-1565.0
988,-1454.0
989,-1516.0
990,-1350.0
991,-1446.0
992,-1485.0
993,-1482.0
994,-1464.0
995,-1355.0
996,-1480.0
997,-1455.0
998,-1439.0
999,-1406.0
1000,-1360.0
